{
  "name": "primality",
  "repo": "KenanY/primality",
  "description": "JavaScript library for prime numbers.",
  "version": "1.6.1",
  "keywords": [
    "browser",
    "client",
    "math",
    "mathematics",
    "number",
    "numbers",
    "util"
  ],
  "main": "primality.js",
  "scripts": [
    "primality.js"
  ],
  "dependencies": {
    "KenanY/factorial": "*",
    "KenanY/is-finite": "*",
    "KenanY/is-nan": "*",
    "yields/isArray": "*",
    "Nami-Doc/contains": "*"
  },
  "license": "MIT"
}